"0","/images/G/01/nav2/gamma/cmuAnnotations/cmuAnnotations-cmuAnnotations-49800.js._V157883823_.js"
"1","/images/G/01/productAds/js/invoke-pads-detail-customer-reviews._V179563055_.js"
"2","/images/G/01/nav2/gamma/tmmJS/tmmJS-combined-core-57222.js._V151701767_.js"
"3","/images/G/01/pda/pda.js"
"4","/images/G/01/browser-scripts/amazonJQ/amazonJQ-470232933.js._V166031524_.js"
"5","/images/G/01/browser-scripts/us-site-wide-js-1.2.6/site-wide-3829119521.js._V166471675_.js"
"6","/images/G/01/msa/vowels/vowels-new._V165057845_.js"
"7","/images/G/01/javascripts/lib/jquery/jquery-1.2.6.min._V253690767_.js"
"8","/images/G/01/browser-scripts/DA-us/DA-us-2444663976.js._V165130704_.js"
"9","/images/G/01/x-locale/communities/profile/customer-popover/script-13-min._V224617671_.js"
"10","/images/G/01/nav2/gamma/accessoriesJS/accessoriesJS-accessories-10201.js._V176793421_.js"
"11","/images/G/01/twister/beta/twister-dpf.db99245d83d70eb42486ed5d49e33b15._V1_.js"
"12","/images/G/01/nav2/gamma/share-with-friends-js/share-with-friends-js-share-44137.js._V157553435_.js"
"13","/images/G/01/browser-scripts/search-js-autocomplete/search-js-autocomplete-27609905.js._V165675515_.js"
"14","/images/G/01/x-locale/communities/tags/tags-tw-combined-17._V186434376_.js"
"15","/images/G/01/media/swf/amznjq-swfobject-1.5._V233081495_.js"
"16","/images/G/01/nav2/gamma/share-with-friends-js-new/share-with-friends-js-new-share-2043.js._V157885514_.js"
"17","/images/G/01/browser-scripts/immersiveViewMerged/immersiveViewMerged-28496.js._V166751202_.js"
"18","/images/G/01/browser-scripts/DAE-us/DAE-us-1056997335.js._V167677772_.js"
"19","/images/G/01/goldbox/client-side/deal_notifier-v31._V151531547_.js"
"20","/images/G/01/nav2/gamma/priceformatterJQ/priceformatterJQ-price-21701._V223503064_.js"
"21","/images/G/01/browser-scripts/amazonLike/amazonLike-1069567029.js._V158590077_.js"
"22","/images/G/01/nav2/gamma/kindleFamilyStripeJS/kindleFamilyStripeJS-combined-kindleFamilyStripeJS-49039.js._V155169229_.js"
"23","/images/G/01/browser-scripts/us-site-wide-js-1.2.6/site-wide-4769640482.js._V164965586_.js"
"24","/images/G/01/nav2/gamma/kindleImageBlockJS/kindleImageBlockJS-combined-kindleImageBlockJS-58049.js._V151626668_.js"
"25","/images/G/01/browser-scripts/DA-us/DA-us-2164123986.js._V167677783_.js"
"26","/images/G/01/browser-scripts/us-site-wide-js-1.2.6/site-wide-3543488569.js._V164869661_.js"
"27","/images/G/01/nav2/gamma/kindleDeviceJS/kindleDeviceJS-combined-kindleDeviceJS-55170.js._V152258496_.js"
"28","/images/G/01/browser-scripts/dpProductImageMerged/dpProductImageMerged-6142.js._V170324534_.js"
"29","/images/G/01/browser-scripts/navbarJS-jQuery/navbarJS-jQuery-2232427963.js._V154104407_.js"
"30","/images/G/01/nav2/gamma/twisterCriticalJS/twisterCriticalJS-twisterCritical-16991.js._V158567911_.js"
"31","/images/G/01/digital/infinity/javascript/popover-2011-09-26._V166884525_.js"
"32","/images/G/01/browser-scripts/amazonJQ/amazonJQ-184601981.js._V164813728_.js"
"33","/images/G/01/nav2/gamma/amazonShoveler/amazonShoveler-amazonShoveler-63445.js._V153915748_.js"
"34","/images/G/01/browser-scripts/us-site-wide-js-1.2.6/site-wide-7289995678.js._V166243722_.js"
"35","/images/G/01/nav2/gamma/finderFitsJS/finderFitsJS-finderfits-50023._V209763094_.js"
"36","/images/G/01/nav2/gamma/communityStructuredRatingsTeaser/communityStructuredRatingsTeaser-srTeaser-12596._V227570385_.js"
"37","/images/G/01/nav2/gamma/share-with-friends-js-new/share-with-friends-js-new-share-6099.js._V166003881_.js"
"38","/images/G/01/browser-scripts/popover/popover-971048579.js._V166062081_.js"
"39","/images/G/01/browser-scripts/amazonJQ/amazonJQ-3931109090.js._V166891813_.js"
"40","/images/G/01/nav2/gamma/lazyLoadLib/lazyLoadLib-lazyLoadLib-1454._V188201290_.js"
"41","/images/G/01/browser-scripts/imageMagnifier/imageMagnifier-3191529691.js._V178830199_.js"
"42","/images/G/01/authportal/common/js/ap_global._V166105978_.js"
"43","/images/G/01/s9-campaigns/s9-multipack-min._V154344867_.js"
"44","/images/G/01/x-locale/personalization/yourstore/js/ratings-bar-366177._V204593665_.js"
"45","/images/G/01/wma/clog/clog-platform._V213973670_.js"
"46","/images/G/01/authportal/flex/reduced-nav/ap-flex-reduced-nav._V165754434_.js"
"47","/images/G/01/nav2/gamma/share-with-friends-js-new/share-with-friends-js-new-share-5122.js._V165175175_.js"
"48","/images/G/01/browser-scripts/jQuery-1.2.6/jQuery-1.2.6-127785520.js._V155545247_.js"
"49","/images/G/01/x-locale/common/login/fwcim._V182746849_.js"
