"0","/images/G/01/nav2/gamma/kindleImageBlockCSS/kindleImageBlockCSS-combined-kindleImageBlockCSS-54720.css._V151697399_.css"
"1","/images/G/01/nav2/gamma/kindleFamilyStripeCSS/kindleFamilyStripeCSS-combined-kindleFamilyStripeCSS-32852.css._V152776837_.css"
"2","/images/G/01/browser-scripts/fruitCSS/US-combined-3889723752.css._V154110478_.css"
"3","/images/G/01/nav2/gamma/ciuCSS/ciuCSS-ciuAnnotations-156.css._V157883856_.css"
"4","/images/G/01/nav2/gamma/asinPopoverCSS/asinPopoverCSS-asinPopoverCSS-28226._V223050306_.css"
"5","/images/G/01/nav2/gamma/communityStructuredRatingsLibs/communityStructuredRatingsLibs-srTeaserExperienceCSS-28217._V226718161_.css"
"6","/images/G/01/browser-scripts/us-site-wide-css-quirks/site-wide-2921515317.css._V165058427_.css"
"7","/images/G/01/twister/beta/twister-styles.db7784078882f554db018e42e228f39a._V1_.css"
"8","/images/G/01/authportal/common/css/ap_global._V165754476_.css"
"9","/images/G/01/browser-scripts/us-site-wide-css-quirks/site-wide-5618648364.css._V165805766_.css"
"10","/images/G/01/nav2/gamma/amazonShoveler/amazonShoveler-amazonShovelerCss-12802._V235369351_.css"
"11","/images/G/01/nav2/gamma/kindleDeviceCSS/kindleDeviceCSS-combined-kindleDeviceCSS-32506.css._V152776841_.css"
"12","/images/G/01/productAds/css/detailPageStatic._V151219031_.css"
"13","/images/G/01/nav2/gamma/kindleDeviceCSSExtended/kindleDeviceCSSExtended-combined-kindleDeviceCSSExtended-42789.css._V152722547_.css"
"14","/images/G/01/x-locale/communities/profile/customer-popover/style-3._V248984170_.css"
"15","/images/G/01/browser-scripts/kicsPopover/kicsPopover-3492001751.css._V158202257_.css"
"16","/images/G/01/zeitgeist/static/css/zeitgeist-chart.2._V181009302_.css"
"17","/images/G/01/browser-scripts/accessoriesCSS/US-combined-3713947512.css._V164811409_.css"
"18","/images/G/01/s9-campaigns/s9-widget._V166505937_.css"
"19","/images/G/01/kitchen/scheduled-delivery/sd_style-v1.1.5.0._V176567430_.css"
"20","/images/G/01/browser-scripts/dpMergedOverallCSS/dpMergedOverallCSS-9951894138.css._V166529433_.css"
"21","/images/G/01/productAds/css/detailPageStatic._V165395957_.css"
"22","/images/G/01/nav2/gamma/share-with-friends-css/share-with-friends-css-share-65346.css._V176863937_.css"
"23","/images/G/01/browser-scripts/accessoriesCSS/US-combined-750984028.css._V177985301_.css"
"24","/LG-BD630-Network-Blu-ray-Player/dp/B004MSI7UQ/dp20.css"
"25","/images/G/01/browser-scripts/dpMergedOverallCSS/dpMergedOverallCSS-9246934065.css._V166010888_.css"
"26","/images/G/01/browser-scripts/dpSpritesCSS/US-combined-3652187584.css._V157151496_.css"
"27","/images/G/01/digital/video/css/history_V1._V221005049_.css"
"28","/LG-BD630-Network-Blu-ray-Player/dp/B004MSI7UQ/aplus20.css"
"29","/images/G/01/nav2/gamma/accessoriesCSS/US/combined-3689044428._V189697042_.css"
"30","/images/G/01/browser-scripts/dpMergedOverallCSS/dpMergedOverallCSS-8394755872.css._V165064988_.css"
"31","/images/G/01/productAds/css/displayAds300x250StaticCSS._V185070388_.css"
"32","/images/G/01/authportal/flex/reduced-nav/ap-flex-reduced-nav._V165754435_.css"
"33","/images/G/01/browser-scripts/search-css/search-css-2563743366.css._V167631528_.css"
"34","/images/G/01/nav2/gamma/kindleDeviceTequilaCSS/kindleDeviceTequilaCSS-combined-kindleDeviceTequilaCSS-14576.css._V167165217_.css"
"35","/images/G/01/authportal/flex/css/ap_flex._V165754763_.css"
"36","/images/G/01/nav2/gamma/share-with-friends-css-new/share-with-friends-css-new-share-17385.css._V154656367_.css"
"37","/images/G/01/nav2/gamma/websiteGridCSS/websiteGridCSS-websiteGridCSS-48346.css._V176526456_.css"
